{
  "qwen": {
    "mean": 0.8028840247229232,
    "ci_lower": 0.7363528138528138,
    "ci_upper": 0.8632619974059663
  },
  "deepseek": {
    "mean": 0.45783895817884374,
    "ci_lower": 0.39639502307185237,
    "ci_upper": 0.5272741888336743
  },
  "codellama": {
    "mean": 0.42216447137504803,
    "ci_lower": 0.38167047851011376,
    "ci_upper": 0.462039309394644
  },
  "mistral": {
    "mean": 0.5940267952590329,
    "ci_lower": 0.5201465201465201,
    "ci_upper": 0.6666666666666666
  }
}