{
  "qwen": {
    "display_name": "Qwen2.5-Coder-7B",
    "overall_metrics": {
      "precision": 0.5397727272727273,
      "recall": 0.9693877551020408,
      "f1_score": 0.6934306569343065,
      "false_positive_rate": 1.0,
      "false_negative_rate": 0.030612244897959183,
      "true_positives": 95,
      "false_positives": 81,
      "true_negatives": 0,
      "false_negatives": 3
    },
    "per_vulnerability_metrics": {
      "reentrancy": {
        "precision": 0.8857142857142857,
        "recall": 1.0,
        "f1_score": 0.9393939393939393,
        "false_positive_rate": 1.0,
        "false_negative_rate": 0.0,
        "true_positives": 31,
        "false_positives": 4,
        "true_negatives": 0,
        "false_negatives": 0
      },
      "integer_overflow": {
        "precision": 0.8235294117647058,
        "recall": 0.9333333333333333,
        "f1_score": 0.8749999999999999,
        "false_positive_rate": 1.0,
        "false_negative_rate": 0.06666666666666667,
        "true_positives": 14,
        "false_positives": 3,
        "true_negatives": 0,
        "false_negatives": 1
      },
      "unchecked_low_level_calls": {
        "precision": 0.4807692307692308,
        "recall": 0.9615384615384616,
        "f1_score": 0.6410256410256411,
        "false_positive_rate": 1.0,
        "false_negative_rate": 0.038461538461538464,
        "true_positives": 50,
        "false_positives": 54,
        "true_negatives": 0,
        "false_negatives": 2
      }
    },
    "confusion_matrix": [
      [
        35,
        8
      ],
      [
        1,
        97
      ]
    ]
  },
  "deepseek": {
    "display_name": "DeepSeek-Coder-6.7B",
    "overall_metrics": {
      "precision": 0.2636986301369863,
      "recall": 0.7857142857142857,
      "f1_score": 0.3948717948717949,
      "false_positive_rate": 1.0,
      "false_negative_rate": 0.21428571428571427,
      "true_positives": 77,
      "false_positives": 215,
      "true_negatives": 0,
      "false_negatives": 21
    },
    "per_vulnerability_metrics": {
      "reentrancy": {
        "precision": 0.6595744680851063,
        "recall": 1.0,
        "f1_score": 0.7948717948717948,
        "false_positive_rate": 1.0,
        "false_negative_rate": 0.0,
        "true_positives": 31,
        "false_positives": 16,
        "true_negatives": 0,
        "false_negatives": 0
      },
      "integer_overflow": {
        "precision": 0.6,
        "recall": 1.0,
        "f1_score": 0.7499999999999999,
        "false_positive_rate": 1.0,
        "false_negative_rate": 0.0,
        "true_positives": 15,
        "false_positives": 10,
        "true_negatives": 0,
        "false_negatives": 0
      },
      "unchecked_low_level_calls": {
        "precision": 0.23846153846153847,
        "recall": 0.5961538461538461,
        "f1_score": 0.34065934065934067,
        "false_positive_rate": 1.0,
        "false_negative_rate": 0.40384615384615385,
        "true_positives": 31,
        "false_positives": 99,
        "true_negatives": 0,
        "false_negatives": 21
      }
    },
    "confusion_matrix": [
      [
        11,
        32
      ],
      [
        3,
        95
      ]
    ]
  },
  "codellama": {
    "display_name": "CodeLLaMA-7B",
    "overall_metrics": {
      "precision": 0.2600896860986547,
      "recall": 0.5918367346938775,
      "f1_score": 0.36137071651090336,
      "false_positive_rate": 1.0,
      "false_negative_rate": 0.40816326530612246,
      "true_positives": 58,
      "false_positives": 165,
      "true_negatives": 0,
      "false_negatives": 40
    },
    "per_vulnerability_metrics": {
      "reentrancy": {
        "precision": 0.30666666666666664,
        "recall": 0.7419354838709677,
        "f1_score": 0.43396226415094336,
        "false_positive_rate": 1.0,
        "false_negative_rate": 0.25806451612903225,
        "true_positives": 23,
        "false_positives": 52,
        "true_negatives": 0,
        "false_negatives": 8
      },
      "integer_overflow": {
        "precision": 0.32142857142857145,
        "recall": 0.6,
        "f1_score": 0.41860465116279066,
        "false_positive_rate": 1.0,
        "false_negative_rate": 0.4,
        "true_positives": 9,
        "false_positives": 19,
        "true_negatives": 0,
        "false_negatives": 6
      },
      "unchecked_low_level_calls": {
        "precision": 0.29545454545454547,
        "recall": 0.5,
        "f1_score": 0.37142857142857144,
        "false_positive_rate": 1.0,
        "false_negative_rate": 0.5,
        "true_positives": 26,
        "false_positives": 62,
        "true_negatives": 0,
        "false_negatives": 26
      }
    },
    "confusion_matrix": [
      [
        34,
        9
      ],
      [
        38,
        60
      ]
    ]
  },
  "mistral": {
    "display_name": "Mistral-7B",
    "overall_metrics": {
      "precision": 0.31417624521072796,
      "recall": 0.8367346938775511,
      "f1_score": 0.456824512534819,
      "false_positive_rate": 1.0,
      "false_negative_rate": 0.16326530612244897,
      "true_positives": 82,
      "false_positives": 179,
      "true_negatives": 0,
      "false_negatives": 16
    },
    "per_vulnerability_metrics": {
      "reentrancy": {
        "precision": 0.6888888888888889,
        "recall": 1.0,
        "f1_score": 0.8157894736842105,
        "false_positive_rate": 1.0,
        "false_negative_rate": 0.0,
        "true_positives": 31,
        "false_positives": 14,
        "true_negatives": 0,
        "false_negatives": 0
      },
      "integer_overflow": {
        "precision": 0.9375,
        "recall": 1.0,
        "f1_score": 0.967741935483871,
        "false_positive_rate": 1.0,
        "false_negative_rate": 0.0,
        "true_positives": 15,
        "false_positives": 1,
        "true_negatives": 0,
        "false_negatives": 0
      },
      "unchecked_low_level_calls": {
        "precision": 0.375,
        "recall": 0.6923076923076923,
        "f1_score": 0.48648648648648646,
        "false_positive_rate": 1.0,
        "false_negative_rate": 0.3076923076923077,
        "true_positives": 36,
        "false_positives": 60,
        "true_negatives": 0,
        "false_negatives": 16
      }
    },
    "confusion_matrix": [
      [
        5,
        38
      ],
      [
        1,
        97
      ]
    ]
  }
}